               epoch,      train/box_loss,      train/obj_loss,      train/cls_loss,   metrics/precision,      metrics/recall,     metrics/mAP_0.5,metrics/mAP_0.5:0.95,        val/box_loss,        val/obj_loss,        val/cls_loss,               x/lr0,               x/lr1,               x/lr2
                   0,            0.060036,            0.077876,            0.020362,             0.57366,             0.25861,             0.24331,              0.1195,              0.0448,            0.076359,            0.011786,           0.0033331,           0.0033331,            0.070002
                   1,            0.050015,            0.074792,            0.011797,             0.61617,             0.31888,             0.33006,             0.15895,            0.042424,            0.073998,           0.0095412,           0.0066663,           0.0066663,            0.040002
                   2,            0.048395,            0.074407,            0.010706,             0.65284,             0.35093,             0.36579,             0.17732,            0.041608,            0.073165,           0.0085701,           0.0099988,           0.0099988,            0.010001
                   3,            0.046615,            0.073721,             0.01005,             0.67689,             0.36132,             0.38588,             0.18721,            0.041012,            0.072345,            0.007953,           0.0099978,           0.0099978,           0.0099978
                   4,             0.04519,            0.072795,           0.0094949,             0.68358,               0.367,             0.39722,             0.19524,            0.040497,            0.071644,           0.0076001,           0.0099978,           0.0099978,           0.0099978
                   5,            0.044547,             0.07212,           0.0091489,             0.68953,             0.37772,             0.40745,             0.19953,            0.040218,            0.071265,           0.0073975,           0.0099961,           0.0099961,           0.0099961
                   6,            0.044121,            0.071728,           0.0089576,             0.68995,             0.38325,             0.41484,               0.204,            0.040004,             0.07096,           0.0072497,           0.0099938,           0.0099938,           0.0099938
                   7,            0.043789,            0.071034,           0.0088068,             0.67723,              0.3924,             0.41819,             0.20668,            0.039858,            0.070756,            0.007159,           0.0099911,           0.0099911,           0.0099911
                   8,            0.043538,            0.071083,           0.0086917,             0.68025,              0.3975,              0.4228,             0.20929,            0.039741,             0.07061,           0.0070863,           0.0099879,           0.0099879,           0.0099879
                   9,            0.043434,            0.070912,           0.0086039,             0.70187,             0.38955,             0.42639,              0.2111,            0.039658,            0.070496,           0.0070343,           0.0099842,           0.0099842,           0.0099842
                  10,            0.043325,            0.070642,           0.0085399,             0.70734,             0.38861,             0.42921,              0.2126,            0.039591,            0.070409,           0.0069949,             0.00998,             0.00998,             0.00998
                  11,            0.043125,            0.070546,           0.0084479,             0.69919,             0.39414,             0.43094,             0.21375,            0.039534,             0.07033,            0.006964,           0.0099753,           0.0099753,           0.0099753
                  12,            0.043059,            0.070537,           0.0084168,             0.70294,             0.39393,             0.43231,             0.21477,            0.039486,            0.070262,           0.0069361,           0.0099702,           0.0099702,           0.0099702
                  13,            0.042949,            0.070352,           0.0083414,             0.70152,             0.39754,             0.43462,             0.21589,            0.039441,            0.070198,           0.0069104,           0.0099645,           0.0099645,           0.0099645
                  14,            0.042915,            0.070417,           0.0083785,             0.69698,             0.40206,             0.43684,             0.21654,            0.039401,            0.070133,           0.0068875,           0.0099584,           0.0099584,           0.0099584
                  15,             0.04282,            0.070143,           0.0083199,             0.69124,              0.4065,             0.43794,             0.21739,            0.039363,            0.070078,           0.0068664,           0.0099517,           0.0099517,           0.0099517
                  16,            0.042731,            0.070209,           0.0082593,             0.69278,              0.4063,             0.43916,             0.21793,            0.039326,            0.070026,           0.0068468,           0.0099446,           0.0099446,           0.0099446
                  17,            0.042699,            0.070222,           0.0082274,             0.70129,             0.40183,             0.44017,             0.21844,            0.039295,             0.06998,           0.0068286,            0.009937,            0.009937,            0.009937
                  18,            0.042641,            0.069994,           0.0082304,             0.71039,             0.39903,             0.44086,             0.21871,            0.039264,            0.069936,           0.0068108,           0.0099289,           0.0099289,           0.0099289
                  19,            0.042616,            0.069975,           0.0082537,             0.69748,             0.40676,             0.44222,             0.21925,            0.039234,            0.069888,           0.0067944,           0.0099203,           0.0099203,           0.0099203
                  20,              0.0426,            0.069957,           0.0081877,             0.70204,             0.40455,             0.44328,             0.21993,            0.039205,            0.069843,           0.0067779,           0.0099112,           0.0099112,           0.0099112
                  21,            0.042543,            0.069838,           0.0081524,             0.70441,             0.40482,             0.44441,             0.22053,            0.039176,            0.069803,           0.0067631,           0.0099017,           0.0099017,           0.0099017
                  22,            0.042452,            0.069802,           0.0081385,             0.70274,             0.40637,             0.44533,             0.22073,            0.039149,            0.069759,           0.0067488,           0.0098916,           0.0098916,           0.0098916
                  23,            0.042445,            0.069758,           0.0081159,              0.6858,             0.40806,             0.44637,             0.22147,            0.039122,            0.069716,           0.0067352,           0.0098811,           0.0098811,           0.0098811
                  24,              0.0424,            0.069502,           0.0081023,             0.68915,             0.40418,             0.44718,             0.22185,            0.039096,            0.069676,            0.006722,           0.0098701,           0.0098701,           0.0098701
                  25,            0.042371,            0.069754,           0.0080905,             0.68055,             0.40559,             0.44856,             0.22242,            0.039069,            0.069635,           0.0067081,           0.0098586,           0.0098586,           0.0098586
                  26,            0.042339,            0.069689,           0.0081038,             0.67742,             0.40914,             0.44959,             0.22277,            0.039049,             0.06959,           0.0066954,           0.0098467,           0.0098467,           0.0098467
                  27,            0.042353,            0.069699,           0.0080699,             0.66664,             0.41529,              0.4506,             0.22329,            0.039026,            0.069557,           0.0066803,           0.0098342,           0.0098342,           0.0098342
                  28,             0.04228,            0.069351,           0.0080587,             0.68823,              0.4053,             0.45096,             0.22353,            0.039003,            0.069522,           0.0066679,           0.0098213,           0.0098213,           0.0098213
                  29,            0.042244,            0.069647,           0.0080298,             0.68303,             0.41015,             0.45169,             0.22409,            0.038983,            0.069488,           0.0066561,           0.0098079,           0.0098079,           0.0098079
                  30,            0.042243,            0.069907,           0.0080709,             0.67195,             0.41888,              0.4527,              0.2247,            0.038961,            0.069453,           0.0066414,           0.0097941,           0.0097941,           0.0097941
                  31,            0.042248,            0.069671,           0.0080395,              0.6789,             0.41621,             0.45286,             0.22518,             0.03894,            0.069423,           0.0066303,           0.0097798,           0.0097798,           0.0097798
                  32,            0.042178,            0.069346,           0.0080238,              0.6503,             0.43124,             0.45391,             0.22597,            0.038919,            0.069387,           0.0066208,            0.009765,            0.009765,            0.009765
                  33,            0.042124,            0.069543,            0.007992,               0.669,             0.42498,             0.45411,              0.2262,            0.038899,            0.069357,           0.0066092,           0.0097497,           0.0097497,           0.0097497
                  34,             0.04214,            0.069384,           0.0079835,             0.69277,             0.41484,             0.45518,              0.2268,             0.03888,            0.069326,           0.0065967,            0.009734,            0.009734,            0.009734
                  35,            0.042089,            0.069354,            0.007972,             0.68024,             0.42134,             0.45556,             0.22702,            0.038859,            0.069298,           0.0065863,           0.0097178,           0.0097178,           0.0097178
                  36,            0.042074,            0.069607,           0.0079509,             0.67994,             0.42348,             0.45616,             0.22717,            0.038839,            0.069271,           0.0065764,           0.0097011,           0.0097011,           0.0097011
                  37,            0.042087,            0.069404,           0.0079529,             0.70038,             0.41441,             0.45623,             0.22759,            0.038822,            0.069249,           0.0065652,            0.009684,            0.009684,            0.009684
                  38,            0.042037,            0.069461,           0.0079866,             0.69511,             0.41695,             0.45687,             0.22794,            0.038804,            0.069226,           0.0065569,           0.0096664,           0.0096664,           0.0096664
                  39,            0.041974,            0.069402,           0.0079188,             0.69843,             0.41566,              0.4569,             0.22803,            0.038787,            0.069204,           0.0065472,           0.0096484,           0.0096484,           0.0096484
                  40,            0.042026,            0.069245,           0.0079093,             0.70021,             0.41297,             0.45727,             0.22838,            0.038769,            0.069181,           0.0065361,           0.0096299,           0.0096299,           0.0096299
                  41,               0.042,            0.069288,           0.0079169,             0.70574,             0.41095,             0.45819,              0.2285,            0.038752,            0.069165,           0.0065264,            0.009611,            0.009611,            0.009611
                  42,            0.041971,            0.069232,           0.0079205,               0.682,             0.41946,             0.45901,             0.22892,            0.038737,            0.069146,           0.0065148,           0.0095916,           0.0095916,           0.0095916
                  43,            0.041936,            0.069196,           0.0079094,             0.69986,             0.41261,             0.45903,             0.22888,            0.038721,             0.06913,           0.0065069,           0.0095717,           0.0095717,           0.0095717
                  44,             0.04189,            0.069153,            0.007851,             0.69207,             0.41623,             0.45907,             0.22902,            0.038704,            0.069118,           0.0064992,           0.0095514,           0.0095514,           0.0095514
                  45,            0.041874,            0.069199,           0.0079072,             0.68157,             0.42106,             0.45921,              0.2292,            0.038688,            0.069102,           0.0064922,           0.0095307,           0.0095307,           0.0095307
                  46,            0.041853,            0.069099,           0.0078394,             0.68118,             0.42143,             0.45934,             0.22947,            0.038673,            0.069087,           0.0064843,           0.0095095,           0.0095095,           0.0095095
                  47,            0.041897,            0.069058,            0.007886,              0.6841,             0.42024,             0.45969,             0.22949,            0.038659,            0.069073,           0.0064779,           0.0094879,           0.0094879,           0.0094879
                  48,            0.041873,            0.069334,           0.0078553,             0.69239,             0.41588,             0.45887,              0.2291,             0.03869,            0.069076,           0.0064887,           0.0094659,           0.0094659,           0.0094659
                  49,            0.041809,            0.069153,            0.007866,             0.69475,             0.41462,             0.45897,             0.22932,            0.038672,            0.069056,           0.0064799,           0.0094434,           0.0094434,           0.0094434
                  50,            0.041788,            0.068953,           0.0078532,             0.70504,             0.41115,             0.45934,              0.2297,            0.038658,            0.069039,           0.0064742,           0.0094205,           0.0094205,           0.0094205
                  51,            0.041828,             0.06914,           0.0078698,             0.68348,             0.41822,             0.45902,             0.22949,            0.038658,            0.069039,           0.0064717,           0.0093971,           0.0093971,           0.0093971
                  52,            0.041832,            0.069122,           0.0078549,             0.68809,             0.41762,             0.45948,              0.2296,            0.038645,            0.069029,           0.0064634,           0.0093733,           0.0093733,           0.0093733
                  53,            0.041761,            0.069168,           0.0078078,             0.69279,             0.41645,             0.46004,             0.22986,            0.038632,            0.069011,           0.0064573,           0.0093491,           0.0093491,           0.0093491
                  54,            0.041731,            0.068938,           0.0078091,             0.68911,             0.41787,             0.46022,             0.23003,            0.038623,            0.068991,           0.0064517,           0.0093245,           0.0093245,           0.0093245
                  55,            0.041736,            0.068951,           0.0078187,             0.68766,             0.41764,             0.46102,             0.23025,            0.038613,            0.068975,           0.0064454,           0.0092995,           0.0092995,           0.0092995
                  56,            0.041716,            0.069046,           0.0077811,             0.69083,             0.41715,              0.4614,             0.23055,            0.038603,             0.06896,           0.0064386,            0.009274,            0.009274,            0.009274
                  57,            0.041737,            0.068919,           0.0077838,             0.65786,             0.43271,             0.46142,             0.23071,             0.03859,            0.068948,           0.0064342,           0.0092481,           0.0092481,           0.0092481
                  58,            0.041665,            0.069083,           0.0077958,             0.66039,              0.4318,             0.46085,             0.23067,            0.038578,            0.068936,           0.0064276,           0.0092219,           0.0092219,           0.0092219
                  59,            0.041616,            0.068774,           0.0077971,             0.68713,             0.42135,              0.4616,             0.23125,            0.038566,            0.068925,           0.0064209,           0.0091952,           0.0091952,           0.0091952
                  60,            0.041632,            0.068745,           0.0077708,             0.66616,             0.43088,              0.4616,              0.2312,            0.038554,             0.06892,           0.0064162,           0.0091681,           0.0091681,           0.0091681
                  61,            0.041715,            0.069068,           0.0077429,             0.66147,             0.43342,             0.46214,             0.23135,            0.038543,            0.068907,           0.0064093,           0.0091406,           0.0091406,           0.0091406
                  62,            0.041646,            0.069104,            0.007735,             0.65973,             0.43454,             0.46265,             0.23143,            0.038532,            0.068898,           0.0064017,           0.0091127,           0.0091127,           0.0091127
                  63,            0.041615,            0.068886,           0.0077266,             0.66214,              0.4335,             0.46281,             0.23157,            0.038522,            0.068881,            0.006397,           0.0090844,           0.0090844,           0.0090844
                  64,            0.041557,            0.068623,           0.0077169,             0.67367,              0.4278,             0.46317,              0.2316,             0.03851,            0.068873,           0.0063914,           0.0090557,           0.0090557,           0.0090557
                  65,            0.041579,             0.06887,           0.0077108,             0.67829,             0.42645,             0.46335,             0.23147,            0.038499,             0.06886,           0.0063862,           0.0090266,           0.0090266,           0.0090266
                  66,             0.04156,            0.068739,           0.0077567,             0.69276,             0.42057,             0.46389,             0.23143,            0.038489,            0.068848,           0.0063805,           0.0089972,           0.0089972,           0.0089972
                  67,            0.041507,            0.068716,            0.007734,             0.68893,             0.42395,             0.46449,             0.23189,            0.038479,             0.06884,           0.0063736,           0.0089673,           0.0089673,           0.0089673
                  68,            0.041535,            0.068919,           0.0077047,             0.68559,             0.42458,              0.4647,             0.23194,            0.038469,            0.068832,           0.0063687,           0.0089371,           0.0089371,           0.0089371
                  69,            0.041491,            0.068813,           0.0077068,             0.67031,             0.43113,             0.46507,             0.23222,            0.038458,             0.06882,           0.0063643,           0.0089065,           0.0089065,           0.0089065
                  70,            0.041488,              0.0688,           0.0077159,             0.66865,             0.43211,             0.46615,             0.23238,            0.038448,            0.068808,           0.0063594,           0.0088755,           0.0088755,           0.0088755
                  71,            0.041491,            0.068663,           0.0077125,             0.67319,             0.43021,             0.46615,             0.23254,            0.038438,             0.06879,           0.0063544,           0.0088442,           0.0088442,           0.0088442
                  72,            0.041449,            0.068658,            0.007648,             0.67329,              0.4303,             0.46629,             0.23271,            0.038427,            0.068774,           0.0063489,           0.0088124,           0.0088124,           0.0088124
                  73,            0.041464,            0.068679,           0.0076945,             0.67103,             0.43246,             0.46622,             0.23289,            0.038418,            0.068768,           0.0063429,           0.0087804,           0.0087804,           0.0087804
                  74,            0.041477,            0.068743,            0.007673,             0.67561,             0.43033,             0.46623,             0.23321,            0.038409,            0.068762,           0.0063365,           0.0087479,           0.0087479,           0.0087479
                  75,            0.041424,            0.068773,           0.0076423,             0.67408,             0.43217,             0.46673,             0.23352,            0.038398,            0.068756,           0.0063316,           0.0087151,           0.0087151,           0.0087151
                  76,            0.041391,            0.068584,           0.0076713,             0.67098,             0.43353,             0.46681,             0.23375,            0.038388,            0.068751,           0.0063252,            0.008682,            0.008682,            0.008682
                  77,            0.041379,            0.068569,           0.0076928,             0.67294,              0.4322,             0.46715,             0.23361,             0.03838,            0.068738,           0.0063204,           0.0086485,           0.0086485,           0.0086485
                  78,            0.041411,            0.068596,           0.0076735,             0.68143,             0.42887,             0.46753,              0.2337,            0.038371,            0.068737,            0.006315,           0.0086146,           0.0086146,           0.0086146
                  79,            0.041398,            0.068695,           0.0076299,             0.67558,              0.4304,             0.46782,             0.23389,            0.038363,            0.068731,           0.0063109,           0.0085805,           0.0085805,           0.0085805
                  80,            0.041344,             0.06869,           0.0076352,             0.67885,             0.42996,             0.46832,             0.23386,            0.038355,            0.068726,           0.0063087,           0.0085459,           0.0085459,           0.0085459
                  81,            0.041344,            0.068412,           0.0076426,             0.68187,             0.42998,             0.46738,             0.23346,            0.038366,            0.068726,           0.0063099,           0.0085111,           0.0085111,           0.0085111
                  82,            0.041337,            0.068439,            0.007643,             0.68067,              0.4309,             0.46762,             0.23331,            0.038358,            0.068718,           0.0063049,           0.0084759,           0.0084759,           0.0084759
                  83,            0.041307,            0.068592,           0.0075889,             0.67892,             0.43189,              0.4678,             0.23352,            0.038351,            0.068706,           0.0063011,           0.0084404,           0.0084404,           0.0084404
                  84,            0.041259,            0.068217,           0.0076361,             0.67413,             0.43415,             0.46804,             0.23389,            0.038344,            0.068698,           0.0062985,           0.0084046,           0.0084046,           0.0084046
                  85,            0.041329,            0.068622,           0.0075972,              0.6717,             0.43514,             0.46806,             0.23371,            0.038339,            0.068695,           0.0062937,           0.0083684,           0.0083684,           0.0083684
                  86,            0.041217,            0.068417,           0.0075639,              0.6808,             0.42967,             0.46836,             0.23399,            0.038329,            0.068687,           0.0062885,           0.0083319,           0.0083319,           0.0083319
                  87,            0.041286,            0.068398,           0.0075708,             0.67993,             0.43078,              0.4688,             0.23428,             0.03832,            0.068677,           0.0062854,           0.0082952,           0.0082952,           0.0082952
                  88,             0.04123,             0.06845,           0.0075862,             0.67891,             0.43014,             0.46891,             0.23479,            0.038311,            0.068675,           0.0062827,           0.0082581,           0.0082581,           0.0082581
                  89,            0.041225,             0.06846,            0.007569,              0.6709,              0.4352,             0.46942,             0.23487,            0.038303,            0.068669,           0.0062796,           0.0082207,           0.0082207,           0.0082207
                  90,             0.04128,            0.068639,           0.0075595,             0.69608,             0.42487,             0.46987,             0.23501,            0.038297,            0.068657,           0.0062771,            0.008183,            0.008183,            0.008183
                  91,             0.04125,            0.068532,           0.0075472,             0.68339,             0.43084,             0.46962,             0.23496,            0.038291,            0.068656,           0.0062743,            0.008145,            0.008145,            0.008145
                  92,            0.041214,            0.068422,           0.0075929,             0.67899,             0.43301,             0.47044,             0.23545,            0.038285,            0.068656,           0.0062695,           0.0081068,           0.0081068,           0.0081068
                  93,            0.041171,            0.068565,           0.0075258,             0.67674,             0.43424,              0.4704,             0.23551,            0.038279,            0.068654,           0.0062663,           0.0080682,           0.0080682,           0.0080682
                  94,            0.041171,            0.068416,           0.0075192,             0.69257,             0.42757,              0.4707,             0.23558,            0.038275,            0.068644,           0.0062626,           0.0080294,           0.0080294,           0.0080294
                  95,             0.04115,            0.068535,           0.0075305,             0.68832,             0.42996,             0.47052,              0.2357,            0.038267,            0.068637,           0.0062591,           0.0079903,           0.0079903,           0.0079903
                  96,            0.041157,            0.068344,           0.0075317,              0.6869,              0.4317,             0.47069,              0.2355,            0.038259,            0.068631,           0.0062562,           0.0079509,           0.0079509,           0.0079509
                  97,            0.041113,            0.068121,           0.0075007,             0.68705,             0.43125,             0.47078,             0.23562,            0.038254,            0.068628,           0.0062541,           0.0079112,           0.0079112,           0.0079112
                  98,            0.041051,            0.068157,           0.0075065,             0.67626,             0.43561,             0.47041,             0.23571,             0.03825,            0.068623,           0.0062505,           0.0078713,           0.0078713,           0.0078713
                  99,            0.041072,             0.06842,           0.0075135,             0.67832,             0.43496,             0.47149,             0.23581,            0.038245,            0.068615,           0.0062474,           0.0078311,           0.0078311,           0.0078311
                 100,            0.041083,            0.068143,           0.0074915,             0.66988,             0.43871,             0.47097,             0.23592,            0.038245,            0.068603,           0.0062462,           0.0077907,           0.0077907,           0.0077907
                 101,            0.041051,            0.068306,           0.0074896,             0.67232,               0.438,             0.47078,             0.23576,             0.03824,            0.068594,           0.0062426,             0.00775,             0.00775,             0.00775
                 102,            0.041069,            0.068253,           0.0075264,             0.68191,             0.43421,              0.4711,             0.23576,            0.038234,            0.068588,           0.0062392,           0.0077091,           0.0077091,           0.0077091
                 103,            0.040992,            0.067871,           0.0074425,             0.68075,             0.43314,             0.47064,             0.23595,            0.038229,            0.068581,            0.006239,           0.0076679,           0.0076679,           0.0076679
                 104,            0.041013,            0.068196,           0.0074134,             0.67833,             0.43449,             0.47022,              0.2361,            0.038226,            0.068583,           0.0062371,           0.0076265,           0.0076265,           0.0076265
                 105,            0.041004,            0.068143,           0.0074542,             0.68296,              0.4331,             0.47034,             0.23623,            0.038221,            0.068579,           0.0062344,           0.0075848,           0.0075848,           0.0075848
                 106,            0.041031,            0.068371,           0.0075028,             0.67569,             0.43687,             0.47105,             0.23613,            0.038216,             0.06857,           0.0062315,            0.007543,            0.007543,            0.007543
                 107,            0.041063,            0.068211,           0.0074888,             0.68344,             0.43425,             0.47134,              0.2365,            0.038212,            0.068564,           0.0062299,           0.0075009,           0.0075009,           0.0075009
                 108,             0.04094,            0.068158,           0.0074453,             0.68767,             0.43197,             0.47141,             0.23665,            0.038204,            0.068557,           0.0062276,           0.0074585,           0.0074585,           0.0074585
                 109,            0.040928,            0.068153,           0.0074678,             0.68144,             0.43393,             0.47155,             0.23652,            0.038197,            0.068556,           0.0062248,            0.007416,            0.007416,            0.007416
                 110,            0.040945,            0.068186,           0.0073883,             0.67744,             0.43571,             0.47167,             0.23665,            0.038189,            0.068556,           0.0062208,           0.0073733,           0.0073733,           0.0073733
                 111,             0.04089,            0.068119,           0.0074712,             0.67144,             0.44014,             0.47166,             0.23665,            0.038182,            0.068558,           0.0062164,           0.0073303,           0.0073303,           0.0073303
                 112,            0.040896,            0.068124,           0.0073814,             0.67452,             0.43809,             0.47137,             0.23662,            0.038175,             0.06855,           0.0062138,           0.0072872,           0.0072872,           0.0072872
                 113,            0.040892,            0.068124,            0.007421,             0.69126,             0.43001,             0.47119,             0.23668,            0.038176,            0.068534,           0.0062145,           0.0072438,           0.0072438,           0.0072438
                 114,            0.040911,            0.068088,            0.007425,             0.69576,             0.42888,             0.47168,             0.23673,             0.03817,             0.06853,           0.0062114,           0.0072003,           0.0072003,           0.0072003
                 115,            0.040888,            0.068013,           0.0074032,             0.69179,             0.43041,             0.47176,             0.23692,            0.038167,            0.068528,           0.0062069,           0.0071566,           0.0071566,           0.0071566
                 116,            0.040902,            0.068147,           0.0073769,             0.69556,             0.42785,             0.47162,             0.23684,            0.038162,            0.068525,           0.0062047,           0.0071127,           0.0071127,           0.0071127
                 117,            0.040832,            0.067954,            0.007374,             0.68495,             0.43293,             0.47208,             0.23672,            0.038156,            0.068518,           0.0062011,           0.0070686,           0.0070686,           0.0070686
                 118,            0.040791,            0.068113,           0.0073712,             0.69327,             0.42874,             0.47235,             0.23681,             0.03815,            0.068514,           0.0061972,           0.0070243,           0.0070243,           0.0070243
                 119,            0.040788,            0.068025,           0.0073696,             0.69551,               0.427,             0.47192,             0.23691,            0.038146,             0.06851,           0.0061935,           0.0069799,           0.0069799,           0.0069799
                 120,            0.040746,            0.067863,           0.0073746,             0.67086,             0.43779,             0.47234,             0.23692,            0.038141,            0.068501,             0.00619,           0.0069353,           0.0069353,           0.0069353
                 121,             0.04079,             0.06801,           0.0073464,              0.5756,             0.44869,             0.47241,             0.23708,            0.038135,            0.068498,           0.0061878,           0.0068906,           0.0068906,           0.0068906
                 122,            0.040763,             0.06782,            0.007351,             0.58024,             0.44698,             0.47272,             0.23723,            0.038129,            0.068491,           0.0061858,           0.0068457,           0.0068457,           0.0068457
                 123,            0.040738,            0.067911,           0.0073163,              0.5803,             0.44607,             0.47292,             0.23727,            0.038123,            0.068491,           0.0061826,           0.0068006,           0.0068006,           0.0068006
                 124,             0.04071,            0.067861,           0.0073513,             0.57067,             0.45174,             0.47303,             0.23736,            0.038119,            0.068488,            0.006182,           0.0067555,           0.0067555,           0.0067555
                 125,            0.040697,            0.067855,           0.0073372,             0.58376,             0.44476,             0.47293,             0.23736,            0.038115,             0.06848,            0.006181,           0.0067101,           0.0067101,           0.0067101
                 126,              0.0407,            0.067746,            0.007342,             0.59086,             0.44157,             0.47302,             0.23741,            0.038111,            0.068477,           0.0061804,           0.0066647,           0.0066647,           0.0066647
                 127,             0.04066,            0.067699,           0.0073016,             0.58812,             0.44301,             0.47323,             0.23766,            0.038107,            0.068478,           0.0061768,           0.0066191,           0.0066191,           0.0066191
                 128,             0.04065,            0.067839,           0.0072766,             0.60418,             0.43541,             0.47369,             0.23776,              0.0381,            0.068476,            0.006173,           0.0065734,           0.0065734,           0.0065734
                 129,            0.040672,            0.067787,           0.0073203,             0.59862,             0.43892,             0.47363,             0.23796,            0.038095,            0.068474,           0.0061701,           0.0065276,           0.0065276,           0.0065276
                 130,            0.040632,            0.067637,           0.0073283,             0.59623,             0.44078,             0.47357,             0.23809,            0.038091,            0.068471,           0.0061678,           0.0064816,           0.0064816,           0.0064816
                 131,            0.040619,            0.067828,           0.0071998,             0.59696,             0.43996,             0.47338,             0.23797,            0.038088,            0.068471,           0.0061653,           0.0064356,           0.0064356,           0.0064356
                 132,            0.040667,              0.0677,           0.0072691,             0.58296,             0.44669,             0.47325,             0.23812,            0.038082,            0.068464,            0.006164,           0.0063895,           0.0063895,           0.0063895
                 133,            0.040563,            0.067801,           0.0072655,             0.59833,             0.43909,             0.47366,             0.23817,            0.038078,            0.068466,           0.0061623,           0.0063432,           0.0063432,           0.0063432
                 134,            0.040612,             0.06753,           0.0072822,             0.61277,             0.43308,              0.4736,             0.23803,            0.038074,            0.068463,           0.0061607,           0.0062969,           0.0062969,           0.0062969
                 135,            0.040554,            0.067625,           0.0072327,              0.6014,             0.43788,             0.47318,             0.23834,            0.038069,            0.068462,           0.0061571,           0.0062505,           0.0062505,           0.0062505
                 136,            0.040558,            0.067655,           0.0072836,              0.6069,             0.43507,             0.47334,             0.23856,            0.038065,            0.068458,           0.0061534,            0.006204,            0.006204,            0.006204
                 137,            0.040423,            0.067647,           0.0071893,             0.60855,              0.4347,             0.47373,             0.23847,             0.03806,            0.068454,           0.0061521,           0.0061574,           0.0061574,           0.0061574
                 138,            0.040489,            0.067346,           0.0072338,             0.59548,             0.43996,              0.4737,             0.23851,            0.038055,            0.068453,           0.0061499,           0.0061107,           0.0061107,           0.0061107
                 139,            0.040501,            0.067493,           0.0072183,             0.60417,             0.43598,             0.47365,             0.23876,            0.038048,            0.068451,           0.0061488,            0.006064,            0.006064,            0.006064
                 140,            0.040496,            0.067619,           0.0071903,             0.59778,             0.43906,             0.47455,             0.23886,            0.038044,             0.06845,           0.0061487,           0.0060172,           0.0060172,           0.0060172
                 141,            0.040473,            0.067496,           0.0072078,             0.58753,             0.44575,             0.47496,             0.23927,            0.038039,            0.068439,            0.006147,           0.0059704,           0.0059704,           0.0059704
                 142,            0.040451,            0.067489,           0.0072064,             0.59052,              0.4448,             0.47534,             0.23912,            0.038032,            0.068423,           0.0061439,           0.0059235,           0.0059235,           0.0059235
                 143,            0.040402,            0.067235,           0.0071887,             0.59319,             0.44535,             0.47564,             0.23908,            0.038026,            0.068417,           0.0061421,           0.0058766,           0.0058766,           0.0058766
                 144,            0.040441,             0.06762,           0.0071785,             0.59494,              0.4442,             0.47541,              0.2387,            0.038021,            0.068413,           0.0061391,           0.0058296,           0.0058296,           0.0058296
                 145,            0.040391,            0.067441,           0.0071657,             0.60138,              0.4414,             0.47605,               0.239,            0.038015,            0.068404,            0.006136,           0.0057826,           0.0057826,           0.0057826
                 146,            0.040348,            0.067286,           0.0071347,             0.60805,             0.43825,             0.47637,             0.23922,            0.038008,            0.068394,           0.0061359,           0.0057355,           0.0057355,           0.0057355
                 147,            0.040347,             0.06725,           0.0071431,             0.60322,             0.43947,             0.47577,             0.23942,            0.038004,            0.068389,           0.0061343,           0.0056884,           0.0056884,           0.0056884
                 148,            0.040357,            0.067487,           0.0071595,             0.59918,             0.44234,             0.47572,              0.2393,            0.037999,            0.068385,           0.0061325,           0.0056413,           0.0056413,           0.0056413
                 149,            0.040282,            0.067431,           0.0071282,             0.60509,             0.43879,              0.4754,             0.23938,            0.037993,            0.068379,           0.0061302,           0.0055942,           0.0055942,           0.0055942
                 150,            0.040264,            0.067177,           0.0071242,             0.60683,             0.43743,             0.47575,             0.23964,            0.037988,            0.068369,           0.0061259,           0.0055471,           0.0055471,           0.0055471
                 151,            0.040297,            0.067404,           0.0071143,             0.60365,             0.44005,             0.47655,             0.24015,            0.037982,            0.068362,           0.0061218,              0.0055,              0.0055,              0.0055
                 152,            0.040239,            0.067194,           0.0070547,             0.60489,             0.44035,              0.4768,             0.23995,            0.037977,            0.068356,           0.0061185,           0.0054529,           0.0054529,           0.0054529
                 153,            0.040223,            0.067115,           0.0071375,             0.59447,             0.44497,             0.47729,              0.2402,            0.037975,            0.068352,           0.0061137,           0.0054058,           0.0054058,           0.0054058
                 154,            0.040249,            0.067263,           0.0071288,             0.59072,             0.44662,             0.47739,             0.24026,            0.037973,            0.068341,           0.0061096,           0.0053587,           0.0053587,           0.0053587
                 155,            0.040227,            0.067153,           0.0070762,             0.59759,             0.44216,             0.47656,             0.23998,            0.037971,            0.068336,           0.0061067,           0.0053116,           0.0053116,           0.0053116
                 156,            0.040212,            0.067255,           0.0070994,             0.59732,             0.44356,             0.47687,              0.2402,            0.037966,             0.06833,           0.0061051,           0.0052645,           0.0052645,           0.0052645
                 157,            0.040179,            0.067168,           0.0070886,             0.66542,             0.44972,              0.4773,             0.24049,            0.037961,            0.068323,            0.006101,           0.0052174,           0.0052174,           0.0052174
                 158,            0.040145,            0.067206,           0.0070573,             0.66619,             0.45006,             0.47693,              0.2405,            0.037958,            0.068321,            0.006101,           0.0051704,           0.0051704,           0.0051704
                 159,            0.040179,            0.067193,           0.0070481,             0.66986,             0.44813,             0.47653,              0.2404,            0.037953,            0.068316,           0.0060973,           0.0051234,           0.0051234,           0.0051234
                 160,            0.040129,            0.066993,           0.0070316,              0.6743,             0.44586,             0.47792,             0.24072,            0.037947,            0.068306,           0.0060948,           0.0050765,           0.0050765,           0.0050765
                 161,            0.040087,            0.067099,           0.0070006,             0.58575,             0.45028,              0.4776,             0.24055,            0.037943,              0.0683,           0.0060911,           0.0050296,           0.0050296,           0.0050296
                 162,            0.040084,             0.06708,             0.00702,             0.59672,             0.44402,             0.47802,             0.24078,            0.037939,              0.0683,           0.0060901,           0.0049828,           0.0049828,           0.0049828
                 163,            0.040103,             0.06702,           0.0070337,             0.59144,             0.44667,             0.47819,               0.241,            0.037934,            0.068293,           0.0060914,            0.004936,            0.004936,            0.004936
                 164,             0.04005,            0.066892,            0.007018,             0.58417,             0.45129,             0.47793,             0.24081,            0.037931,            0.068293,           0.0060927,           0.0048893,           0.0048893,           0.0048893
                 165,            0.040065,            0.066906,            0.007042,             0.56731,             0.46004,             0.47779,             0.24098,             0.03793,            0.068286,           0.0060929,           0.0048426,           0.0048426,           0.0048426
                 166,            0.040048,            0.067041,           0.0070183,             0.57387,             0.45641,             0.47829,              0.2411,            0.037927,            0.068283,           0.0060926,            0.004796,            0.004796,            0.004796
                 167,             0.04005,            0.067131,            0.007002,             0.57893,             0.45476,             0.47848,             0.24129,            0.037922,            0.068278,           0.0060929,           0.0047495,           0.0047495,           0.0047495
                 168,            0.039995,            0.066995,            0.006947,             0.58029,             0.45451,              0.4782,             0.24124,            0.037917,            0.068277,           0.0060919,           0.0047031,           0.0047031,           0.0047031
                 169,                0.04,            0.066935,           0.0069409,             0.57963,             0.45394,             0.47831,             0.24107,            0.037914,            0.068271,           0.0060917,           0.0046568,           0.0046568,           0.0046568
                 170,            0.039933,            0.066679,           0.0069596,             0.57657,             0.45658,             0.47845,             0.24097,            0.037911,            0.068269,            0.006092,           0.0046105,           0.0046105,           0.0046105
                 171,            0.039955,            0.066889,           0.0069043,             0.59373,             0.44779,             0.47846,             0.24106,            0.037905,            0.068255,           0.0060929,           0.0045644,           0.0045644,           0.0045644
                 172,            0.039926,             0.06683,           0.0069135,             0.59144,             0.44946,             0.47894,             0.24132,            0.037902,             0.06825,           0.0060918,           0.0045184,           0.0045184,           0.0045184
                 173,            0.039903,             0.06677,           0.0068973,               0.595,             0.44806,             0.47924,             0.24155,            0.037898,            0.068239,           0.0060906,           0.0044724,           0.0044724,           0.0044724
                 174,             0.03988,            0.066654,           0.0068958,             0.58947,             0.45115,             0.47919,             0.24158,            0.037891,            0.068236,           0.0060902,           0.0044266,           0.0044266,           0.0044266
                 175,            0.039911,            0.066922,           0.0068417,             0.59876,             0.44626,             0.47902,              0.2417,            0.037888,            0.068231,           0.0060903,           0.0043809,           0.0043809,           0.0043809
                 176,            0.039915,            0.066849,           0.0068832,             0.59762,             0.44708,             0.47918,             0.24185,            0.037884,            0.068228,           0.0060917,           0.0043353,           0.0043353,           0.0043353
                 177,            0.039845,            0.066645,           0.0069099,             0.60107,             0.44488,             0.47915,             0.24192,            0.037882,            0.068226,           0.0060924,           0.0042899,           0.0042899,           0.0042899
                 178,            0.039854,            0.066719,           0.0069134,             0.60247,             0.44427,             0.47914,             0.24185,            0.037877,             0.06822,           0.0060907,           0.0042445,           0.0042445,           0.0042445
                 179,            0.039805,            0.066412,           0.0068315,             0.59483,             0.44921,             0.47965,             0.24211,            0.037874,            0.068213,           0.0060904,           0.0041994,           0.0041994,           0.0041994
                 180,             0.03977,            0.066484,           0.0068069,             0.60588,             0.44205,             0.47949,             0.24203,             0.03787,            0.068205,           0.0060908,           0.0041543,           0.0041543,           0.0041543
                 181,            0.039749,            0.066641,           0.0068323,             0.69346,             0.43772,             0.47988,              0.2422,            0.037866,            0.068198,           0.0060917,           0.0041094,           0.0041094,           0.0041094
                 182,            0.039718,            0.066432,           0.0068058,               0.688,             0.44014,             0.47974,             0.24228,            0.037862,            0.068191,           0.0060918,           0.0040647,           0.0040647,           0.0040647
                 183,            0.039752,            0.066573,           0.0068176,             0.60289,             0.44485,             0.47967,             0.24211,            0.037859,            0.068186,           0.0060923,           0.0040201,           0.0040201,           0.0040201
                 184,            0.039719,            0.066553,           0.0068265,             0.67457,             0.44803,             0.48024,             0.24235,            0.037854,            0.068181,           0.0060928,           0.0039757,           0.0039757,           0.0039757
                 185,            0.039714,            0.066518,           0.0067969,             0.67801,             0.44777,              0.4805,             0.24238,             0.03785,            0.068177,           0.0060913,           0.0039314,           0.0039314,           0.0039314
                 186,            0.039683,            0.066535,           0.0067961,             0.67328,             0.44916,             0.48052,             0.24253,            0.037843,            0.068168,           0.0060892,           0.0038873,           0.0038873,           0.0038873
                 187,              0.0397,            0.066442,           0.0067678,             0.59478,             0.44975,             0.48047,             0.24271,            0.037841,            0.068173,           0.0060891,           0.0038434,           0.0038434,           0.0038434
                 188,            0.039643,            0.066533,           0.0067625,             0.57828,             0.45814,             0.48054,             0.24259,            0.037838,             0.06817,           0.0060902,           0.0037997,           0.0037997,           0.0037997
                 189,            0.039561,            0.066387,           0.0067409,             0.61042,             0.44054,             0.48079,             0.24249,            0.037835,            0.068172,           0.0060913,           0.0037562,           0.0037562,           0.0037562
                 190,            0.039602,             0.06641,            0.006742,             0.59492,             0.44854,             0.48059,             0.24242,            0.037831,            0.068166,           0.0060908,           0.0037128,           0.0037128,           0.0037128
                 191,            0.039608,            0.066432,           0.0067606,             0.59593,             0.44754,             0.48034,             0.24267,            0.037827,            0.068161,           0.0060908,           0.0036697,           0.0036697,           0.0036697
                 192,            0.039614,            0.066379,           0.0066963,              0.5882,             0.45203,             0.48081,             0.24283,            0.037822,            0.068156,           0.0060897,           0.0036267,           0.0036267,           0.0036267
                 193,            0.039561,            0.066187,           0.0067446,             0.58228,             0.45577,             0.48098,             0.24298,            0.037816,            0.068155,           0.0060892,            0.003584,            0.003584,            0.003584
                 194,            0.039537,             0.06607,           0.0066923,             0.59762,             0.44708,             0.48088,             0.24308,            0.037814,            0.068155,           0.0060872,           0.0035415,           0.0035415,           0.0035415
                 195,            0.039528,            0.066348,           0.0067043,              0.6902,             0.43908,             0.48125,              0.2432,            0.037812,            0.068155,           0.0060886,           0.0034991,           0.0034991,           0.0034991
                 196,            0.039537,            0.066302,           0.0066834,              0.6847,             0.44096,             0.48105,             0.24301,            0.037809,            0.068154,           0.0060877,            0.003457,            0.003457,            0.003457
                 197,            0.039496,            0.066303,           0.0066709,             0.67164,             0.44846,              0.4814,             0.24297,            0.037804,            0.068151,           0.0060876,           0.0034152,           0.0034152,           0.0034152
                 198,            0.039419,            0.065885,           0.0066466,             0.69279,              0.4379,             0.48166,             0.24302,            0.037799,            0.068148,           0.0060872,           0.0033735,           0.0033735,           0.0033735
                 199,            0.039423,            0.066151,           0.0066553,             0.66962,             0.45062,             0.48179,             0.24304,            0.037794,            0.068142,           0.0060872,           0.0033321,           0.0033321,           0.0033321
                 200,            0.039441,             0.06616,           0.0066465,             0.58662,             0.45327,             0.48169,             0.24303,             0.03779,            0.068139,           0.0060858,           0.0032909,           0.0032909,           0.0032909
                 201,            0.039461,            0.066047,           0.0066309,             0.59729,             0.44877,             0.48183,             0.24296,            0.037787,             0.06814,           0.0060856,             0.00325,             0.00325,             0.00325
                 202,            0.039394,            0.066045,             0.00659,             0.68589,             0.44264,             0.48179,             0.24282,            0.037783,            0.068134,           0.0060882,           0.0032093,           0.0032093,           0.0032093
                 203,            0.039364,            0.066097,           0.0066063,             0.58358,             0.45569,             0.48162,             0.24294,            0.037779,            0.068139,           0.0060905,           0.0031689,           0.0031689,           0.0031689
                 204,            0.039339,            0.065954,           0.0065594,             0.66066,             0.45476,             0.48108,               0.243,            0.037773,            0.068132,           0.0060909,           0.0031287,           0.0031287,           0.0031287
                 205,            0.039343,            0.066085,           0.0066028,             0.67341,              0.4474,             0.48122,             0.24305,            0.037771,            0.068131,           0.0060937,           0.0030888,           0.0030888,           0.0030888
                 206,            0.039304,            0.065818,           0.0065725,             0.64669,             0.46144,             0.48118,             0.24299,            0.037769,            0.068127,           0.0060952,           0.0030491,           0.0030491,           0.0030491
                 207,            0.039259,            0.065968,             0.00655,             0.67377,             0.44615,             0.48064,             0.24289,            0.037765,            0.068124,           0.0060964,           0.0030097,           0.0030097,           0.0030097
                 208,            0.039269,            0.066008,           0.0065054,             0.67291,              0.4476,             0.48086,             0.24278,            0.037763,             0.06812,            0.006099,           0.0029706,           0.0029706,           0.0029706
                 209,            0.039239,            0.065854,           0.0065343,               0.662,             0.45269,             0.48083,             0.24265,             0.03776,            0.068115,           0.0061002,           0.0029318,           0.0029318,           0.0029318
                 210,            0.039236,            0.065813,           0.0065763,             0.66526,             0.45276,             0.48129,             0.24294,            0.037756,             0.06811,              0.0061,           0.0028932,           0.0028932,           0.0028932
                 211,             0.03924,            0.065832,           0.0065139,             0.66318,             0.45293,             0.48126,             0.24288,            0.037754,            0.068108,           0.0061023,            0.002855,            0.002855,            0.002855
                 212,            0.039206,            0.065736,           0.0064982,             0.65831,             0.45525,             0.48114,             0.24302,            0.037751,            0.068107,           0.0061037,            0.002817,            0.002817,            0.002817
                 213,            0.039155,            0.065694,           0.0064866,             0.65248,             0.45899,             0.48154,             0.24284,             0.03775,            0.068107,            0.006107,           0.0027793,           0.0027793,           0.0027793
